<?xml version="1.0" encoding="utf-8"?>
<Robot xmlns:xsi="http://www.w3.org/2001/XMLSchema-instance" xmlns:xsd="http://www.w3.org/2001/XMLSchema">
  <Name>FanucR1000i</Name>
  <Scale>1000</Scale>
   <Manufacturer>Fanuc</Manufacturer>
  <ModelName>R 1000i</ModelName>
  <Payload>80</Payload>
  <TotalWeight>620</TotalWeight>
  <Links>
    <Link>
      <FileName>link0.stl</FileName>
      <Color>DarkGray</Color>
    </Link>
    <Link>
      <FileName>link1.stl</FileName>
      <Color>Yellow</Color>
    </Link>
    <Link>
      <FileName>link2.stl</FileName>
      <Color>Sienna</Color>
    </Link>
    <Link>
      <FileName>link3.stl</FileName>
      <Color>Yellow</Color>
    </Link>
	<Link>
      <FileName>link4.stl</FileName>
      <Color>Coral</Color>
    </Link>
	<Link>
      <FileName>link5.stl</FileName>
      <Color>Sienna</Color>
    </Link>
	<Link>
      <FileName>link6.stl</FileName>
      <Color>Orange</Color>
    </Link>
  </Links>
  <Joints>
    <RevoluteJoint>
      <JointOffset>450</JointOffset>
      <JointAngle>0</JointAngle>
      <LinkLength>320</LinkLength>
      <TwistAngle>-90</TwistAngle>
      <JointAngleMin>-180</JointAngleMin>
      <JointAngleMax>180</JointAngleMax>
    </RevoluteJoint>
    <RevoluteJoint>
      <JointOffset>0</JointOffset>
      <JointAngle>-90</JointAngle>
      <LinkLength>870</LinkLength>
      <TwistAngle>0</TwistAngle>
      <JointAngleMin>-180</JointAngleMin>
      <JointAngleMax>65</JointAngleMax>
    </RevoluteJoint>
    <RevoluteJoint>
      <JointOffset>0</JointOffset>
      <JointAngle>0</JointAngle>
      <LinkLength>225</LinkLength>
      <TwistAngle>-90</TwistAngle>
      <JointAngleMin>-270</JointAngleMin>
      <JointAngleMax>90</JointAngleMax>
    </RevoluteJoint>
    <RevoluteJoint>
      <JointOffset>1015</JointOffset>
      <JointAngle>0</JointAngle>
      <LinkLength>0</LinkLength>
      <TwistAngle>90</TwistAngle>
      <JointAngleMin>-360</JointAngleMin>
      <JointAngleMax>360</JointAngleMax>
    </RevoluteJoint>
	<RevoluteJoint>
      <JointOffset>0</JointOffset>
      <JointAngle>270</JointAngle>
      <LinkLength>0</LinkLength>
      <TwistAngle>90</TwistAngle>
      <JointAngleMin>55</JointAngleMin>
      <JointAngleMax>305</JointAngleMax>
    </RevoluteJoint>
	<RevoluteJoint>
      <JointOffset>175</JointOffset>
      <JointAngle>0</JointAngle>
      <LinkLength>0</LinkLength>
      <TwistAngle>0</TwistAngle>
      <JointAngleMin>-360</JointAngleMin>
      <JointAngleMax>360</JointAngleMax>
    </RevoluteJoint>
  </Joints>
</Robot>