<?xml version="1.0" encoding="utf-8"?>
<Robot xmlns:xsi="http://www.w3.org/2001/XMLSchema-instance" xmlns:xsd="http://www.w3.org/2001/XMLSchema">
  <Name>FanucR2000i</Name>
  <Scale>1</Scale>
   <Manufacturer>Fanuc</Manufacturer>
  <ModelName>R 2000i</ModelName>
  <Payload>165</Payload>
  <TotalWeight>1240</TotalWeight>
  <Links>
    <Link>
      <FileName>link0.stl</FileName>
      <Color>LightSlateGray</Color>
    </Link>
    <Link>
      <FileName>link1.stl</FileName>
      <Color>Gold</Color>
    </Link>
    <Link>
      <FileName>link2.stl</FileName>
      <Color>Brown</Color>
    </Link>
    <Link>
      <FileName>link3.stl</FileName>
      <Color>Gold</Color>
    </Link>
	<Link>
      <FileName>link4.stl</FileName>
      <Color>PaleVioletRed</Color>
    </Link>
	<Link>
      <FileName>link5.stl</FileName>
      <Color>SaddleBrown</Color>
    </Link>
	<Link>
      <FileName>link6.stl</FileName>
      <Color>MediumBlue</Color>
    </Link>
  </Links>
  <Joints>
    <RevoluteJoint>
      <JointOffset>670</JointOffset>
      <JointAngle>0</JointAngle>
      <LinkLength>312</LinkLength>
      <TwistAngle>90</TwistAngle>
      <JointAngleMin>-180</JointAngleMin>
      <JointAngleMax>180</JointAngleMax>
    </RevoluteJoint>
    <RevoluteJoint>
      <JointOffset>0</JointOffset>
      <JointAngle>90</JointAngle>
      <LinkLength>1075</LinkLength>
      <TwistAngle>180</TwistAngle>
      <JointAngleMin>15</JointAngleMin>
      <JointAngleMax>150</JointAngleMax>
    </RevoluteJoint>
    <RevoluteJoint>
      <JointOffset>0</JointOffset>
      <JointAngle>0</JointAngle>
      <LinkLength>225</LinkLength>
      <TwistAngle>90</TwistAngle>
      <JointAngleMin>-222</JointAngleMin>
      <JointAngleMax>138</JointAngleMax>
    </RevoluteJoint>
    <RevoluteJoint>
      <JointOffset>-1280</JointOffset>
      <JointAngle>0</JointAngle>
      <LinkLength>0</LinkLength>
      <TwistAngle>90</TwistAngle>
      <JointAngleMin>-360</JointAngleMin>
      <JointAngleMax>360</JointAngleMax>
    </RevoluteJoint>
	<RevoluteJoint>
      <JointOffset>0</JointOffset>
      <JointAngle>90</JointAngle>
      <LinkLength>0</LinkLength>
      <TwistAngle>90</TwistAngle>
      <JointAngleMin>65</JointAngleMin>
      <JointAngleMax>335</JointAngleMax>
    </RevoluteJoint>
	<RevoluteJoint>
      <JointOffset>-215</JointOffset>
      <JointAngle>180</JointAngle>
      <LinkLength>0</LinkLength>
      <TwistAngle>180</TwistAngle>
      <JointAngleMin>-360</JointAngleMin>
      <JointAngleMax>360</JointAngleMax>
    </RevoluteJoint>
  </Joints>
</Robot>