<?xml version="1.0" encoding="utf-8"?>
<Robot xmlns:xsi="http://www.w3.org/2001/XMLSchema-instance" xmlns:xsd="http://www.w3.org/2001/XMLSchema">
  <Name>Puma560</Name>
  <Scale>1</Scale>
   <Manufacturer>Unimation</Manufacturer>
  <ModelName>PUMA 560</ModelName>
  <Payload>2.5</Payload>
  <TotalWeight>54.5</TotalWeight>
  <Links>
    <Link>
      <FileName>link0.stl</FileName>
      <Color>Sienna</Color>
    </Link>
    <Link>
      <FileName>link1.stl</FileName>
      <Color>Gray</Color>
    </Link>
    <Link>
      <FileName>link2.stl</FileName>
      <Color>Red</Color>
    </Link>
    <Link>
      <FileName>link3.stl</FileName>
      <Color>Thistle</Color>
    </Link>
	<Link>
      <FileName>link4.stl</FileName>
      <Color>Gray</Color>
    </Link>
	<Link>
      <FileName>link5.stl</FileName>
    <Color>Teal</Color>
    </Link>
	<Link>
      <FileName>link6.stl</FileName>
    <Color>Magenta</Color>
    </Link>
  </Links>
  <Joints>
    <RevoluteJoint>
      <JointOffset>660</JointOffset>
      <JointAngle>0</JointAngle>
      <LinkLength>0</LinkLength>
      <TwistAngle>90</TwistAngle>
      <JointAngleMin>-160</JointAngleMin>
      <JointAngleMax>160</JointAngleMax>
    </RevoluteJoint>
    <RevoluteJoint>
      <JointOffset>0</JointOffset>
      <JointAngle>90</JointAngle>
      <LinkLength>432</LinkLength>
      <TwistAngle>180</TwistAngle>
      <JointAngleMin>-35</JointAngleMin>
      <JointAngleMax>215</JointAngleMax>
    </RevoluteJoint>
    <RevoluteJoint>
      <JointOffset>150</JointOffset>
      <JointAngle>0</JointAngle>
      <LinkLength>2</LinkLength>
      <TwistAngle>90</TwistAngle>
      <JointAngleMin>-225</JointAngleMin>
      <JointAngleMax>45</JointAngleMax>
    </RevoluteJoint>
    <RevoluteJoint>
      <JointOffset>-432</JointOffset>
      <JointAngle>0</JointAngle>
      <LinkLength>0</LinkLength>
      <TwistAngle>90</TwistAngle>
      <JointAngleMin>-266</JointAngleMin>
      <JointAngleMax>266</JointAngleMax>
    </RevoluteJoint>
	<RevoluteJoint>
      <JointOffset>0</JointOffset>
      <JointAngle>-270</JointAngle>
      <LinkLength>0</LinkLength>
      <TwistAngle>90</TwistAngle>
      <JointAngleMin>-280</JointAngleMin>
      <JointAngleMax>-80</JointAngleMax>
    </RevoluteJoint>
	<RevoluteJoint>
      <JointOffset>-56</JointOffset>
      <JointAngle>0</JointAngle>
      <LinkLength>0</LinkLength>
      <TwistAngle>-180</TwistAngle>
      <JointAngleMin>-360</JointAngleMin>
      <JointAngleMax>360</JointAngleMax>
    </RevoluteJoint>
  </Joints>
</Robot>