<?xml version="1.0" encoding="utf-8"?>
<Robot xmlns:xsi="http://www.w3.org/2001/XMLSchema-instance" xmlns:xsd="http://www.w3.org/2001/XMLSchema">
  <Name>ABBIRB120</Name>
  <Scale>1</Scale>
  <Manufacturer>ABB</Manufacturer>
  <ModelName>IRB 120</ModelName>
  <Payload>3</Payload>
  <TotalWeight>25</TotalWeight>
  <Links>
    <Link>
      <FileName>link0.stl</FileName>	  
	    <Color>Red</Color>
      <MassProperty>
        <Mass>8.617</Mass>
        <Ixx>0.034</Ixx>
        <Iyy>0.068</Iyy>
        <Izz>0.065</Izz>
        <Ixy>0.000</Ixy>
        <Ixz>-0.002</Ixz>
        <Iyz>0.000</Iyz>
      </MassProperty>
      <CGProperty>
        <Rx>-0.042</Rx>
        <Ry>0.000</Ry>
        <Rz>0.080</Rz>
      </CGProperty>
     </Link>
    <Link>
      <FileName>link1.stl</FileName>
	    <Color>Yellow</Color>
      <MassProperty>
        <Mass>4.254</Mass>
        <Ixx>0.020</Ixx>
        <Iyy>0.015</Iyy>
        <Izz>0.020</Izz>
        <Ixy>-0.000</Ixy>
        <Ixz>-0.000</Ixz>
        <Iyz>-0.000</Iyz>
      </MassProperty>
      <CGProperty>
        <Rx>-0.000</Rx>
        <Ry>-0.052</Ry>
        <Rz>-0.000</Rz>
      </CGProperty>
    </Link>
    <Link>
      <FileName>link2.stl</FileName>
	    <Color>Green</Color>
      <MassProperty>
        <Mass>5.420</Mass>
        <Ixx>0.036</Ixx>
        <Iyy>0.084</Iyy>
        <Izz>0.058</Izz>
        <Ixy>0.000</Ixy>
        <Ixz>-0.001</Ixz>
        <Iyz>-0.000</Iyz>
      </MassProperty>
      <CGProperty>
        <Rx>-0.169</Rx>
        <Ry>-0.001</Ry>
        <Rz>0.004</Rz>
      </CGProperty>
    </Link>
    <Link>
      <FileName>link3.stl</FileName>
	    <Color>Blue</Color>
      <MassProperty>
        <Mass>4.083</Mass>
        <Ixx>0.018</Ixx>
        <Iyy>0.023</Iyy>
        <Izz>0.012</Izz>
        <Ixy>0.000</Ixy>
        <Ixz>0.002</Ixz>
        <Iyz>-0.000</Iyz>
      </MassProperty>
      <CGProperty>
        <Rx>-0.012</Rx>
        <Ry>0.001</Ry>
        <Rz>-0.023</Rz>
      </CGProperty>
    </Link>
	<Link>
      <FileName>link4.stl</FileName>
    <Color>Gray</Color>
    <MassProperty>
      <Mass>1.841</Mass>
      <Ixx>0.007</Ixx>
      <Iyy>0.004</Iyy>
      <Izz>0.006</Izz>
      <Ixy>0.000</Ixy>
      <Ixz>0.000</Ixz>
      <Iyz>-0.000</Iyz>
    </MassProperty>
    <CGProperty>
      <Rx>-0.000</Rx>
      <Ry>0.077</Ry>
      <Rz>0.000</Rz>
    </CGProperty>
  </Link>
	<Link>
      <FileName>link5.stl</FileName>
	    <Color>Cyan</Color>
    <MassProperty>
      <Mass>0.758</Mass>
      <Ixx>0.001</Ixx>
      <Iyy>0.001</Iyy>
      <Izz>0.001</Izz>
      <Ixy>0.000</Ixy>
      <Ixz>0.000</Ixz>
      <Iyz>0.000</Iyz>
    </MassProperty>
    <CGProperty>
      <Rx>0.000</Rx>
      <Ry>0.000</Ry>
      <Rz>0.001</Rz>
    </CGProperty>
  </Link>
	<Link>
      <FileName>link6.stl</FileName>
	    <Color>Crimson</Color>
    <MassProperty>
      <Mass>0.019</Mass>
      <Ixx>0.000</Ixx>
      <Iyy>0.000</Iyy>
      <Izz>0.000</Izz>
      <Ixy>-0.000</Ixy>
      <Ixz>0.000</Ixz>
      <Iyz>-0.000</Iyz>
    </MassProperty>
    <CGProperty>
      <Rx>-0.000</Rx>
      <Ry>-0.000</Ry>
      <Rz>-0.007</Rz>
    </CGProperty>
  </Link>
  </Links>
  <Joints>
    <RevoluteJoint>
      <JointOffset>290</JointOffset>
      <JointAngle>0</JointAngle>
      <LinkLength>0</LinkLength>
      <TwistAngle>90</TwistAngle>
      <JointAngleMin>-165</JointAngleMin>
      <JointAngleMax>165</JointAngleMax>
    </RevoluteJoint>
    <RevoluteJoint>
      <JointOffset>0</JointOffset>
      <JointAngle>90</JointAngle>
      <LinkLength>270</LinkLength>
      <TwistAngle>0</TwistAngle>
      <JointAngleMin>-20</JointAngleMin>
      <JointAngleMax>200</JointAngleMax>
    </RevoluteJoint>
    <RevoluteJoint>
      <JointOffset>0</JointOffset>
      <JointAngle>0</JointAngle>
      <LinkLength>70</LinkLength>
      <TwistAngle>-90</TwistAngle>
      <JointAngleMin>-70</JointAngleMin>
      <JointAngleMax>90</JointAngleMax>
    </RevoluteJoint>
    <RevoluteJoint>
      <JointOffset>-302</JointOffset>
      <JointAngle>-180</JointAngle>
      <LinkLength>0</LinkLength>
      <TwistAngle>90</TwistAngle>
      <JointAngleMin>-340</JointAngleMin>
      <JointAngleMax>-20</JointAngleMax>
    </RevoluteJoint>
	<RevoluteJoint>
      <JointOffset>0</JointOffset>
      <JointAngle>270</JointAngle>
      <LinkLength>0</LinkLength>
      <TwistAngle>90</TwistAngle>
      <JointAngleMin>60</JointAngleMin>
      <JointAngleMax>300</JointAngleMax>
    </RevoluteJoint>
	<RevoluteJoint>
      <JointOffset>-72</JointOffset>
      <JointAngle>0</JointAngle>
      <LinkLength>0</LinkLength>
      <TwistAngle>-180</TwistAngle>
      <JointAngleMin>-400</JointAngleMin>
      <JointAngleMax>400</JointAngleMax>
    </RevoluteJoint>
  </Joints>
</Robot>