<?xml version="1.0" encoding="utf-8"?>
<Robot xmlns:xsi="http://www.w3.org/2001/XMLSchema-instance" xmlns:xsd="http://www.w3.org/2001/XMLSchema">
  <Name>ABBIRB4400L30</Name>
  <Scale>1</Scale>
   <Manufacturer>ABB</Manufacturer>
  <ModelName>IRB 4400 L30</ModelName>
  <Payload>30</Payload>
  <TotalWeight>1020</TotalWeight>
  <Links>
    <Link>
      <FileName>link0.stl</FileName>
      <Color>Gray</Color>
    </Link>
    <Link>
      <FileName>link1.stl</FileName>
      <Color>Sienna</Color>
    </Link>
    <Link>
      <FileName>link2.stl</FileName>
      <Color>Yellow</Color>
    </Link>
    <Link>
      <FileName>link3.stl</FileName>
      <Color>Peru</Color>
    </Link>
	<Link>
      <FileName>link4.stl</FileName>
      <Color>Sienna</Color>
    </Link>
	<Link>
      <FileName>link5.stl</FileName>
      <Color>Green</Color>
    </Link>
	<Link>
      <FileName>link6.stl</FileName>
      <Color>Yellow</Color> 
    </Link>
  </Links>
  <Joints>
    <RevoluteJoint>
      <JointOffset>680</JointOffset>
      <JointAngle>0</JointAngle>
      <LinkLength>200</LinkLength>
      <TwistAngle>90</TwistAngle>
      <JointAngleMin>-165</JointAngleMin>
      <JointAngleMax>165</JointAngleMax>
    </RevoluteJoint>
    <RevoluteJoint>
      <JointOffset>0</JointOffset>
      <JointAngle>90</JointAngle>
      <LinkLength>890</LinkLength>
      <TwistAngle>-180</TwistAngle>
      <JointAngleMin>-5</JointAngleMin>
      <JointAngleMax>160</JointAngleMax>
    </RevoluteJoint>
    <RevoluteJoint>
      <JointOffset>0</JointOffset>
      <JointAngle>0</JointAngle>
      <LinkLength>150</LinkLength>
      <TwistAngle>90</TwistAngle>
      <JointAngleMin>-60</JointAngleMin>
      <JointAngleMax>65</JointAngleMax>
    </RevoluteJoint>
    <RevoluteJoint>
      <JointOffset>-1400</JointOffset>
      <JointAngle>0</JointAngle>
      <LinkLength>0</LinkLength>
      <TwistAngle>90</TwistAngle>
      <JointAngleMin>-200</JointAngleMin>
      <JointAngleMax>200</JointAngleMax>
    </RevoluteJoint>
	<RevoluteJoint>
      <JointOffset>0</JointOffset>
      <JointAngle>-90</JointAngle>
      <LinkLength>0</LinkLength>
      <TwistAngle>90</TwistAngle>
      <JointAngleMin>-120</JointAngleMin>
      <JointAngleMax>120</JointAngleMax>
    </RevoluteJoint>
	<RevoluteJoint>
      <JointOffset>120</JointOffset>
      <JointAngle>0</JointAngle>
      <LinkLength>0</LinkLength>
      <TwistAngle>0</TwistAngle>
      <JointAngleMin>-400</JointAngleMin>
      <JointAngleMax>400</JointAngleMax>
    </RevoluteJoint>
  </Joints>
</Robot>