<?xml version="1.0" encoding="utf-8"?>
<RARobotClass xmlns:xsi="http://www.w3.org/2001/XMLSchema-instance" xmlns:xsd="http://www.w3.org/2001/XMLSchema">
  <DOF>2</DOF>
  <SelectedRobot>PR</SelectedRobot>
  <JointList>
    <RAJoint xsi:type="RAPrismaticJoint">
      <JointLength>0</JointLength>
      <TwistAngle>90</TwistAngle>
      <JVInitial>0</JVInitial>
      <JVFinal>100</JVFinal>
      <Index>0</Index>
      <JointAngle>0</JointAngle>
    </RAJoint>
    <RAJoint xsi:type="RARevoluteJoint">
      <JointLength>1000</JointLength>
      <TwistAngle>0</TwistAngle>
      <JVInitial>0</JVInitial>
      <JVFinal>90</JVFinal>
      <Index>1</Index>
      <JointOffset>0</JointOffset>
    </RAJoint>
  </JointList>
  <LinkList>
    <RALink xsi:type="RALinkPR">
      <Name>Link1</Name>
      <LinkGraphicProperty>
        <Color>BlueViolet</Color>
      </LinkGraphicProperty>
      <Index>0</Index>
      <LinkMassProperty>
        <Mass>1</Mass>
        <Ixx>0.08333</Ixx>
        <Iyy>0.08333</Iyy>
        <Izz>0</Izz>
        <Ixy>0</Ixy>
        <Iyz>0</Iyz>
        <Izx>0</Izx>
      </LinkMassProperty>
      <LinkCGProperty>
        <Rx>0</Rx>
        <Ry>0</Ry>
        <Rz>0.5</Rz>
      </LinkCGProperty>
      <LinkLength>0</LinkLength>
      <TwistAngle>90</TwistAngle>
      <DHVisualize>JointOffset</DHVisualize>
      <JointAngle>0</JointAngle>
    </RALink>
    <RALink xsi:type="RALinkRE">
      <Name>Link2</Name>
      <LinkGraphicProperty>
        <Color>DarkOrange</Color>
      </LinkGraphicProperty>
      <Index>1</Index>
      <LinkMassProperty>
        <Mass>1</Mass>
        <Ixx>0</Ixx>
        <Iyy>0.08333</Iyy>
        <Izz>0.08333</Izz>
        <Ixy>0</Ixy>
        <Iyz>0</Iyz>
        <Izx>0</Izx>
      </LinkMassProperty>
      <LinkCGProperty>
        <Rx>0.5</Rx>
        <Ry>0</Ry>
        <Rz>0</Rz>
      </LinkCGProperty>
      <LinkLength>1000</LinkLength>
      <TwistAngle>0</TwistAngle>
      <DHVisualize>JointOffset</DHVisualize>
      <JointOffset>0</JointOffset>
    </RALink>
  </LinkList>
  <BaseLink xsi:type="RABaseLinkPrismatic">
    <LinkGraphicProperty>
      <Color>Gray</Color>
    </LinkGraphicProperty>
  </BaseLink>
  <GravityProperty>
    <Gx>-9.81</Gx>
    <Gy>0</Gy>
    <Gz>0</Gz>
  </GravityProperty>
</RARobotClass>