<?xml version="1.0" encoding="utf-8"?>
<RARobotClass xmlns:xsi="http://www.w3.org/2001/XMLSchema-instance" xmlns:xsd="http://www.w3.org/2001/XMLSchema">
  <DOF>3</DOF>
  <SelectedRobot>3P</SelectedRobot>
  <JointList>
    <RAJoint xsi:type="RAPrismaticJoint">
      <JointLength>0</JointLength>
      <TwistAngle>90</TwistAngle>
      <JVInitial>100</JVInitial>
      <JVFinal>300</JVFinal>
      <Index>0</Index>
      <JointAngle>90</JointAngle>
    </RAJoint>
    <RAJoint xsi:type="RAPrismaticJoint">
      <JointLength>150</JointLength>
      <TwistAngle>90</TwistAngle>
      <JVInitial>100</JVInitial>
      <JVFinal>200</JVFinal>
      <Index>1</Index>
      <JointAngle>-90</JointAngle>
    </RAJoint>
    <RAJoint xsi:type="RAPrismaticJoint">
      <JointLength>150</JointLength>
      <TwistAngle>90</TwistAngle>
      <JVInitial>100</JVInitial>
      <JVFinal>200</JVFinal>
      <Index>2</Index>
      <JointAngle>0</JointAngle>
    </RAJoint>
  </JointList>
  <LinkList>
    <RALink xsi:type="RALinkPP">
      <Name>Link1</Name>
      <LinkGraphicProperty>
        <Color>BlueViolet</Color>
      </LinkGraphicProperty>
      <Index>0</Index>
      <LinkMassProperty>
        <Mass>1</Mass>
        <Ixx>0</Ixx>
        <Iyy>0.08333</Iyy>
        <Izz>0.08333</Izz>
        <Ixy>0</Ixy>
        <Iyz>0</Iyz>
        <Izx>0</Izx>
      </LinkMassProperty>
      <LinkCGProperty>
        <Rx>0.1</Rx>
        <Ry>0.05</Ry>
        <Rz>0</Rz>
      </LinkCGProperty>
      <LinkLength>0</LinkLength>
      <TwistAngle>90</TwistAngle>
      <DHVisualize>JointOffset</DHVisualize>
      <JointAngle>90</JointAngle>
      <JointOffsetNextMax>200</JointOffsetNextMax>
    </RALink>
    <RALink xsi:type="RALinkPP">
      <Name>Link2</Name>
      <LinkGraphicProperty>
        <Color>DarkOrange</Color>
      </LinkGraphicProperty>
      <Index>1</Index>
      <LinkMassProperty>
        <Mass>1</Mass>
        <Ixx>0</Ixx>
        <Iyy>0.08333</Iyy>
        <Izz>0.08333</Izz>
        <Ixy>0</Ixy>
        <Iyz>0</Iyz>
        <Izx>0</Izx>
      </LinkMassProperty>
      <LinkCGProperty>
        <Rx>0.1</Rx>
        <Ry>0.05</Ry>
        <Rz>0</Rz>
      </LinkCGProperty>
      <LinkLength>150</LinkLength>
      <TwistAngle>90</TwistAngle>
      <DHVisualize>JointOffset</DHVisualize>
      <JointAngle>-90</JointAngle>
      <JointOffsetNextMax>200</JointOffsetNextMax>
    </RALink>
    <RALink xsi:type="RALinkPE">
      <Name>Link3</Name>
      <LinkGraphicProperty>
        <Color>RosyBrown</Color>
      </LinkGraphicProperty>
      <Index>2</Index>
      <LinkMassProperty>
        <Mass>1</Mass>
        <Ixx>0</Ixx>
        <Iyy>0.08333</Iyy>
        <Izz>0.08333</Izz>
        <Ixy>0</Ixy>
        <Iyz>0</Iyz>
        <Izx>0</Izx>
      </LinkMassProperty>
      <LinkCGProperty>
        <Rx>0.1</Rx>
        <Ry>0.05</Ry>
        <Rz>0</Rz>
      </LinkCGProperty>
      <LinkLength>150</LinkLength>
      <TwistAngle>90</TwistAngle>
      <DHVisualize>JointOffset</DHVisualize>
      <JointAngle>0</JointAngle>
    </RALink>
  </LinkList>
  <BaseLink xsi:type="RABaseLinkPrismatic">
    <LinkGraphicProperty>
      <Color>Gray</Color>
    </LinkGraphicProperty>
  </BaseLink>
  <GravityProperty>
    <Gx>0</Gx>
    <Gy>-9.81</Gy>
    <Gz>0</Gz>
  </GravityProperty>
</RARobotClass>