<?xml version="1.0" encoding="utf-8"?>
<RARobotClass xmlns:xsi="http://www.w3.org/2001/XMLSchema-instance" xmlns:xsd="http://www.w3.org/2001/XMLSchema">
  <DOF>3</DOF>
  <SelectedRobot>3R</SelectedRobot>
  <JointList>
    <RAJoint xsi:type="RARevoluteJoint">
      <JointLength>300</JointLength>
      <TwistAngle>0</TwistAngle>
      <JVInitial>0</JVInitial>
      <JVFinal>90</JVFinal>
      <Index>0</Index>
      <JointOffset>0</JointOffset>
    </RAJoint>
    <RAJoint xsi:type="RARevoluteJoint">
      <JointLength>250</JointLength>
      <TwistAngle>0</TwistAngle>
      <JVInitial>0</JVInitial>
      <JVFinal>90</JVFinal>
      <Index>1</Index>
      <JointOffset>0</JointOffset>
    </RAJoint>
    <RAJoint xsi:type="RARevoluteJoint">
      <JointLength>100</JointLength>
      <TwistAngle>0</TwistAngle>
      <JVInitial>0</JVInitial>
      <JVFinal>90</JVFinal>
      <Index>2</Index>
      <JointOffset>0</JointOffset>
    </RAJoint>
  </JointList>
  <LinkList>
    <RALink xsi:type="RALinkRR">
      <Name>Link1</Name>
      <LinkGraphicProperty>
        <Color>BlueViolet</Color>
      </LinkGraphicProperty>
      <Index>0</Index>
      <LinkMassProperty>
        <Mass>0.5</Mass>
        <Ixx>0</Ixx>
        <Iyy>0.00375</Iyy>
        <Izz>0.00375</Izz>
        <Ixy>0</Ixy>
        <Iyz>0</Iyz>
        <Izx>0</Izx>
      </LinkMassProperty>
      <LinkCGProperty>
        <Rx>0.15</Rx>
        <Ry>0</Ry>
        <Rz>0</Rz>
      </LinkCGProperty>
      <LinkLength>300</LinkLength>
      <TwistAngle>0</TwistAngle>
      <DHVisualize>JointOffset</DHVisualize>
      <JointOffset>0</JointOffset>
    </RALink>
    <RALink xsi:type="RALinkRR">
      <Name>Link2</Name>
      <LinkGraphicProperty>
        <Color>DarkOrange</Color>
      </LinkGraphicProperty>
      <Index>1</Index>
      <LinkMassProperty>
        <Mass>0.4</Mass>
        <Ixx>0</Ixx>
        <Iyy>0.00208</Iyy>
        <Izz>0.00208</Izz>
        <Ixy>0</Ixy>
        <Iyz>0</Iyz>
        <Izx>0</Izx>
      </LinkMassProperty>
      <LinkCGProperty>
        <Rx>0.125</Rx>
        <Ry>0</Ry>
        <Rz>0</Rz>
      </LinkCGProperty>
      <LinkLength>250</LinkLength>
      <TwistAngle>0</TwistAngle>
      <DHVisualize>JointOffset</DHVisualize>
      <JointOffset>0</JointOffset>
    </RALink>
    <RALink xsi:type="RALinkRE">
      <Name>Link3</Name>
      <LinkGraphicProperty>
        <Color>Cyan</Color>
      </LinkGraphicProperty>
      <Index>2</Index>
      <LinkMassProperty>
        <Mass>0.3</Mass>
        <Ixx>0</Ixx>
        <Iyy>0.00121</Iyy>
        <Izz>0.00121</Izz>
        <Ixy>0</Ixy>
        <Iyz>0</Iyz>
        <Izx>0</Izx>
      </LinkMassProperty>
      <LinkCGProperty>
        <Rx>0.11</Rx>
        <Ry>0</Ry>
        <Rz>0</Rz>
      </LinkCGProperty>
      <LinkLength>100</LinkLength>
      <TwistAngle>0</TwistAngle>
      <DHVisualize>JointOffset</DHVisualize>
      <JointOffset>0</JointOffset>
    </RALink>
  </LinkList>
  <BaseLink xsi:type="RABaseLinkRevolute">
    <LinkGraphicProperty>
      <Color>Gray</Color>
    </LinkGraphicProperty>
  </BaseLink>
  <GravityProperty>
    <Gx>0</Gx>
    <Gy>-9.81</Gy>
    <Gz>0</Gz>
  </GravityProperty>
</RARobotClass>