<?xml version="1.0" encoding="utf-8"?>
<Robot xmlns:xsi="http://www.w3.org/2001/XMLSchema-instance" xmlns:xsd="http://www.w3.org/2001/XMLSchema">
  <Name>ABBIRB1410</Name>
  <Scale>1</Scale>
  <Manufacturer>ABB</Manufacturer>
  <ModelName>IRB 1410</ModelName>
  <Payload>5</Payload>
  <TotalWeight>225</TotalWeight>
  <Links>
    <Link>
      <FileName>link0.stl</FileName>
      <Color>Sienna</Color>
      <MassProperty>
        <Mass>68.549</Mass>
        <Ixx>0.936</Ixx>
        <Iyy>1.911</Iyy>
        <Izz>2.630</Izz>
        <Ixy>-0.001</Ixy>
        <Ixz>0.098</Ixz>
        <Iyz>0.001</Iyz>
      </MassProperty>
      <CGProperty>
        <Rx>-0.112</Rx>
        <Ry>-0.000</Ry>
        <Rz>0.058</Rz>
      </CGProperty>

    </Link>
    <Link>
      <FileName>link1.stl</FileName>
      <Color>Gray</Color>
      <MassProperty>
        <Mass>85.711</Mass>
        <Ixx>2.858</Ixx>
        <Iyy>2.618</Iyy>
        <Izz>2.171</Izz>
        <Ixy>0.611</Ixy>
        <Ixz>0.071</Ixz>
        <Iyz>-0.002</Iyz>
      </MassProperty>
      <CGProperty>
        <Rx>-0.122</Rx>
        <Ry>0.130</Ry>
        <Rz>0.005</Rz>
      </CGProperty>

    </Link>
    <Link>
      <FileName>link2.stl</FileName>
      <Color>Peru</Color>
      <MassProperty>
        <Mass>20.440</Mass>
        <Ixx>0.049</Ixx>
        <Iyy>0.759</Iyy>
        <Izz>0.760</Izz>
        <Ixy>-0.001</Ixy>
        <Ixz>0.002</Ixz>
        <Iyz>0.001</Iyz>
      </MassProperty>
      <CGProperty>
        <Rx>-0.332</Rx>
        <Ry>0.026</Ry>
        <Rz>-0.009</Rz>
      </CGProperty>

    </Link>
    <Link>
      <FileName>link3.stl</FileName>
      <Color>Orange</Color>
      <MassProperty>
        <Mass>19.939</Mass>
        <Ixx>0.214</Ixx>
        <Iyy>0.194</Iyy>
        <Izz>0.150</Izz>
        <Ixy>0.014</Ixy>
        <Ixz>0.020</Ixz>
        <Iyz>-0.022</Iyz>
      </MassProperty>
      <CGProperty>
        <Rx>-0.012</Rx>
        <Ry>-0.028</Ry>
        <Rz>-0.033</Rz>
      </CGProperty>

    </Link>
	<Link>
      <FileName>link4.stl</FileName>
    <Color>Sienna</Color>
    <MassProperty>
      <Mass>29.522</Mass>
      <Ixx>2.804</Ixx>
      <Iyy>0.062</Iyy>
      <Izz>2.806</Izz>
      <Ixy>0.000</Ixy>
      <Ixz>-0.004</Ixz>
      <Iyz>0.000 </Iyz>
    </MassProperty>
    <CGProperty>
      <Rx>-0.000</Rx>
      <Ry>0.535</Ry>
      <Rz>0.000</Rz>
    </CGProperty>

  </Link>
	<Link>
      <FileName>link5.stl</FileName>
    <Color>DarkViolet</Color>
    <MassProperty>
      <Mass>0.794</Mass>
      <Ixx>0.001</Ixx>
      <Iyy>0.001</Iyy>
      <Izz>0.000</Izz>
      <Ixy>0.000</Ixy>
      <Ixz>0.000</Ixz>
      <Iyz>-0.000</Iyz>
    </MassProperty>
    <CGProperty>
      <Rx>-0.000</Rx>
      <Ry>-0.000</Ry>
      <Rz>0.008</Rz>
    </CGProperty>

  </Link>
	<Link>
      <FileName>link6.stl</FileName>
    <Color>Red</Color>
    <MassProperty>
      <Mass>0.046</Mass>
      <Ixx>0.000</Ixx>
      <Iyy>0.000</Iyy>
      <Izz>0.000</Izz>
      <Ixy>0.000</Ixy>
      <Ixz>-0.000</Ixz>
      <Iyz>-0.000</Iyz>
    </MassProperty>
    <CGProperty>
      <Rx>0.000</Rx>
      <Ry>0.000</Ry>
      <Rz>-0.006</Rz>
    </CGProperty>

  </Link>
  </Links>
  <Joints>
    <RevoluteJoint>
      <JointOffset>475</JointOffset>
      <JointAngle>0</JointAngle>
      <LinkLength>170</LinkLength>
      <TwistAngle>-90</TwistAngle>
      <JointAngleMin>-170</JointAngleMin>
      <JointAngleMax>170</JointAngleMax>
    </RevoluteJoint>
    <RevoluteJoint>
      <JointOffset>0</JointOffset>
      <JointAngle>-90</JointAngle>
      <LinkLength>600</LinkLength>
      <TwistAngle>0</TwistAngle>
      <JointAngleMin>-160</JointAngleMin>
      <JointAngleMax>-20</JointAngleMax>
    </RevoluteJoint>
    <RevoluteJoint>
      <JointOffset>0</JointOffset>
      <JointAngle>0</JointAngle>
      <LinkLength>120</LinkLength>
      <TwistAngle>90</TwistAngle>
      <JointAngleMin>-65</JointAngleMin>
      <JointAngleMax>70</JointAngleMax>
    </RevoluteJoint>
    <RevoluteJoint>
      <JointOffset>-720</JointOffset>
      <JointAngle>0</JointAngle>
      <LinkLength>0</LinkLength>
      <TwistAngle>90</TwistAngle>
      <JointAngleMin>-150</JointAngleMin>
      <JointAngleMax>150</JointAngleMax>
    </RevoluteJoint>
	<RevoluteJoint>
      <JointOffset>0</JointOffset>
      <JointAngle>-90</JointAngle>
      <LinkLength>0</LinkLength>
      <TwistAngle>90</TwistAngle>
      <JointAngleMin>-115</JointAngleMin>
      <JointAngleMax>115</JointAngleMax>
    </RevoluteJoint>
	<RevoluteJoint>
      <JointOffset>85</JointOffset>
      <JointAngle>0</JointAngle>
      <LinkLength>0</LinkLength>
      <TwistAngle>0</TwistAngle>
      <JointAngleMin>-300</JointAngleMin>
      <JointAngleMax>300</JointAngleMax>
    </RevoluteJoint>
  </Joints>
</Robot>