<?xml version="1.0" encoding="utf-8"?>
<Robot xmlns:xsi="http://www.w3.org/2001/XMLSchema-instance" xmlns:xsd="http://www.w3.org/2001/XMLSchema">
  <Name>KukaKR210 Ultra</Name>
  <Scale>1</Scale>
   <Manufacturer>Kuka</Manufacturer>
  <ModelName>KR 210 Ultra</ModelName>
  <Payload>210</Payload>
  <TotalWeight>1078</TotalWeight>
  <Links>
    <Link>
      <FileName>link0.stl</FileName>
      <Color>SlateGray</Color>
    </Link>
    <Link>
      <FileName>link1.stl</FileName>
      <Color>Tomato</Color>
    </Link>
    <Link>
      <FileName>link2.stl</FileName>
      <Color>Gray</Color>
    </Link>
    <Link>
      <FileName>link3.stl</FileName>
      <Color>Tomato</Color>
    </Link>
	<Link>
      <FileName>link4.stl</FileName>
      <Color>Moccasin</Color>
    </Link>
	<Link>
      <FileName>link5.stl</FileName>
      <Color>Tomato</Color>
    </Link>
	<Link>
      <FileName>link6.stl</FileName>
      <Color>MediumSpringGreen</Color>
    </Link>
  </Links>
  <Joints>
    <RevoluteJoint>
      <JointOffset>675</JointOffset>
      <JointAngle>0</JointAngle>
      <LinkLength>350</LinkLength>
      <TwistAngle>-90</TwistAngle>
      <JointAngleMin>-185</JointAngleMin>
      <JointAngleMax>185</JointAngleMax>
    </RevoluteJoint>
    <RevoluteJoint>
      <JointOffset>0</JointOffset>
      <JointAngle>-90</JointAngle>
      <LinkLength>1350</LinkLength>
      <TwistAngle>-180</TwistAngle>
      <JointAngleMin>-140</JointAngleMin>
      <JointAngleMax>0</JointAngleMax>
    </RevoluteJoint>
    <RevoluteJoint>
      <JointOffset>0</JointOffset>
      <JointAngle>-180</JointAngle>
      <LinkLength>41</LinkLength>
      <TwistAngle>90</TwistAngle>
      <JointAngleMin>-245</JointAngleMin>
      <JointAngleMax>30</JointAngleMax>
    </RevoluteJoint>
    <RevoluteJoint>
      <JointOffset>-1400</JointOffset>
      <JointAngle>0</JointAngle>
      <LinkLength>0</LinkLength>
      <TwistAngle>90</TwistAngle>
      <JointAngleMin>-350</JointAngleMin>
      <JointAngleMax>350</JointAngleMax>
    </RevoluteJoint>
	<RevoluteJoint>
      <JointOffset>0</JointOffset>
      <JointAngle>90</JointAngle>
      <LinkLength>0</LinkLength>
      <TwistAngle>90</TwistAngle>
      <JointAngleMin>-125</JointAngleMin>
      <JointAngleMax>125</JointAngleMax>
    </RevoluteJoint>
	<RevoluteJoint>
      <JointOffset>250</JointOffset>
      <JointAngle>180</JointAngle>
      <LinkLength>0</LinkLength>
      <TwistAngle>0</TwistAngle>
      <JointAngleMin>-350</JointAngleMin>
      <JointAngleMax>350</JointAngleMax>
    </RevoluteJoint>
  </Joints>
</Robot>

