<?xml version="1.0" encoding="utf-8"?>
<Robot xmlns:xsi="http://www.w3.org/2001/XMLSchema-instance" xmlns:xsd="http://www.w3.org/2001/XMLSchema">
  <Name>MTAB Minirobot</Name>
  <Scale>1000</Scale>
  <Manufacturer>MTAB</Manufacturer>
  <ModelName>Minirobot-5 Axis</ModelName>
  <Payload>0.25</Payload>
  <TotalWeight>8</TotalWeight>
  <Links>
    <Link>
      <FileName>link0.stl</FileName>
      <Color>DarkGreen</Color>      
    </Link>
    <Link>
      <FileName>link1.stl</FileName>
      <Color>Skyblue</Color>      
    </Link>
    <Link>
      <FileName>link2.stl</FileName>
      <Color>Whitesmoke</Color>      
    </Link>
    <Link>
      <FileName>link3.stl</FileName>
      <Color>Gold</Color>      
    </Link>
    <Link>
      <FileName>link4.stl</FileName>
      <Color>Magenta</Color>      
    </Link>
    <Link>
      <FileName>link5.stl</FileName>
      <Color>Orange</Color>      
    </Link>    
  </Links>
  <Joints>
    <RevoluteJoint>
      <JointOffset>151.2248</JointOffset>
      <JointAngle>0</JointAngle>
      <LinkLength>50.0428</LinkLength>
      <TwistAngle>90</TwistAngle>
      <JointAngleMin>-155</JointAngleMin>
      <JointAngleMax>155</JointAngleMax>
    </RevoluteJoint>
    <RevoluteJoint>
      <JointOffset>0</JointOffset>
      <JointAngle>90</JointAngle>
      <LinkLength>120</LinkLength>
      <TwistAngle>0</TwistAngle>
      <JointAngleMin>0</JointAngleMin>
      <JointAngleMax>120</JointAngleMax>
    </RevoluteJoint>
    <RevoluteJoint>
      <JointOffset>0</JointOffset>
      <JointAngle>-90</JointAngle>
      <LinkLength>100</LinkLength>
      <TwistAngle>0</TwistAngle>
      <JointAngleMin>-120</JointAngleMin>
      <JointAngleMax>15</JointAngleMax>
    </RevoluteJoint>
    <RevoluteJoint>
      <JointOffset>17.499</JointOffset>
      <JointAngle>0</JointAngle>
      <LinkLength>0</LinkLength>
      <TwistAngle>90</TwistAngle>
      <JointAngleMin>0</JointAngleMin>
      <JointAngleMax>180</JointAngleMax>
    </RevoluteJoint>
    <RevoluteJoint>
      <JointOffset>84.0007</JointOffset>
      <JointAngle>180</JointAngle>
      <LinkLength>9.5151</LinkLength>
      <TwistAngle>0</TwistAngle>
      <JointAngleMin>50</JointAngleMin>
      <JointAngleMax>310</JointAngleMax>
    </RevoluteJoint>    
  </Joints>
</Robot>
