<?xml version="1.0" encoding="utf-8"?>
<Robot xmlns:xsi="http://www.w3.org/2001/XMLSchema-instance" xmlns:xsd="http://www.w3.org/2001/XMLSchema">
  <Name>FanucS430i</Name>
  <Scale>1</Scale>
   <Manufacturer>Fanuc</Manufacturer>
  <ModelName>S 430i</ModelName>
  <Payload>125</Payload>
  <TotalWeight>1300</TotalWeight>
  <Links>
    <Link>
      <FileName>link0.stl</FileName>
      <Color>Gray</Color>
    </Link>
    <Link>
      <FileName>link1.stl</FileName>
      <Color>Sienna</Color>
    </Link>
    <Link>
      <FileName>link2.stl</FileName>
      <Color>Peru</Color>
    </Link>
    <Link>
      <FileName>link3.stl</FileName>
      <Color>Thistle</Color>
    </Link>
	<Link>
      <FileName>link4.stl</FileName>
      <Color>Sienna</Color>
    </Link>
	<Link>
      <FileName>link5.stl</FileName>
      <Color>Peru</Color>
    </Link>
	<Link>
      <FileName>link6.stl</FileName>
      <Color>Yellow</Color>
    </Link>
  </Links>
  <Joints>
    <RevoluteJoint>
      <JointOffset>740</JointOffset>
      <JointAngle>0</JointAngle>
      <LinkLength>305</LinkLength>
      <TwistAngle>-90</TwistAngle>
      <JointAngleMin>-180</JointAngleMin>
      <JointAngleMax>180</JointAngleMax>
    </RevoluteJoint>
    <RevoluteJoint>
      <JointOffset>0</JointOffset>
      <JointAngle>-90</JointAngle>
      <LinkLength>1075</LinkLength>
      <TwistAngle>-180</TwistAngle>
      <JointAngleMin>-150</JointAngleMin>
      <JointAngleMax>-15</JointAngleMax>
    </RevoluteJoint>
    <RevoluteJoint>
      <JointOffset>0</JointOffset>
      <JointAngle>0</JointAngle>
      <LinkLength>250</LinkLength>
      <TwistAngle>-90</TwistAngle>
      <JointAngleMin>-133</JointAngleMin>
      <JointAngleMax>229</JointAngleMax>
    </RevoluteJoint>
    <RevoluteJoint>
      <JointOffset>-1275</JointOffset>
      <JointAngle>0</JointAngle>
      <LinkLength>0</LinkLength>
      <TwistAngle>90</TwistAngle>
      <JointAngleMin>-360</JointAngleMin>
      <JointAngleMax>360</JointAngleMax>
    </RevoluteJoint>
	<RevoluteJoint>
      <JointOffset>0</JointOffset>
      <JointAngle>-90</JointAngle>
      <LinkLength>0</LinkLength>
      <TwistAngle>90</TwistAngle>
      <JointAngleMin>-125</JointAngleMin>
      <JointAngleMax>125</JointAngleMax>
    </RevoluteJoint>
	<RevoluteJoint>
      <JointOffset>240</JointOffset>
      <JointAngle>0</JointAngle>
      <LinkLength>0</LinkLength>
      <TwistAngle>0</TwistAngle>
      <JointAngleMin>-360</JointAngleMin>
      <JointAngleMax>360</JointAngleMax>
    </RevoluteJoint>
  </Joints>
</Robot>